,Unnamed: 0,date,portfolio_value,cash,invested,num_positions,SPY
0,0,2021-08-16,100000.0,100000.0,0.0,0,100000.0
1,1,2021-08-17,100000.0,100000.0,0.0,0,99344.46513626887
2,2,2021-08-18,100000.0,100000.0,0.0,0,98257.13221398655
3,3,2021-08-19,100000.0,100000.0,0.0,0,98409.29168333454
4,4,2021-08-20,100000.0,100000.0,0.0,0,99192.32007459718
5,5,2021-08-23,100000.0,100000.0,0.0,0,100064.86335867859
6,6,2021-08-24,100000.0,100000.0,0.0,0,100223.72960134175
7,7,2021-08-25,100000.0,100000.0,0.0,0,100434.02404453873
8,8,2021-08-26,100000.0,100000.0,0.0,0,99841.14816501313
9,9,2021-08-27,100000.0,100000.0,0.0,0,100733.81176904004
10,10,2021-08-30,100000.0,100000.0,0.0,0,101176.79018439591
11,11,2021-08-31,100000.0,100000.0,0.0,0,101026.92153557877
12,12,2021-09-01,100000.0,100000.0,0.0,0,101080.59733361457
13,13,2021-09-02,100000.0,100000.0,0.0,0,101391.60143411128
14,14,2021-09-03,100000.0,100000.0,0.0,0,101366.97151148554
15,15,2021-09-06,100000.0,100000.0,0.0,0,101366.97151148554
16,16,2021-09-07,100000.0,100000.0,0.0,0,101004.53921045501
17,17,2021-09-08,100000.0,100000.0,0.0,0,100881.46883954595
18,18,2021-09-09,100000.0,100000.0,0.0,0,100449.68518867104
19,19,2021-09-10,100000.0,100000.0,0.0,0,99657.68801891497
20,20,2021-09-13,100000.0,100000.0,0.0,0,99912.73990852134
21,21,2021-09-14,100000.0,100000.0,0.0,0,99373.56143854596
22,22,2021-09-15,100000.0,100000.0,0.0,0,100203.59487371995
23,23,2021-09-16,100000.0,100000.0,0.0,0,100044.75024257123
24,24,2021-09-17,100000.0,100000.0,0.0,0,99070.20061032358
25,25,2021-09-20,100000.0,100000.0,0.0,0,97418.28848475836
26,26,2021-09-21,100000.0,100000.0,0.0,0,97326.25224858802
27,27,2021-09-22,100000.0,100000.0,0.0,0,98275.66768953964
28,28,2021-09-23,100000.0,100000.0,0.0,0,99469.71827013658
29,29,2021-09-24,100000.0,100000.0,0.0,0,99633.5551611214
30,30,2021-09-27,100000.0,100000.0,0.0,0,99348.51369330767
31,31,2021-09-28,100000.0,100000.0,0.0,0,97346.47342226759
32,32,2021-09-29,100000.0,100000.0,0.0,0,97510.29590557612
33,33,2021-09-30,100000.0,100000.0,0.0,0,96318.50733015744
34,34,2021-10-01,100000.0,100000.0,0.0,0,97463.16839641625
35,35,2021-10-04,100000.0,100000.0,0.0,0,96206.28593949827
36,36,2021-10-05,100000.0,100000.0,0.0,0,97207.2952692611
37,37,2021-10-06,100000.0,100000.0,0.0,0,97611.30812407804
38,38,2021-10-07,100000.0,100000.0,0.0,0,98455.20894768565
39,39,2021-10-08,100000.0,100000.0,0.0,0,98275.66768953964
40,40,2021-10-11,100000.0,100000.0,0.0,0,97564.16620724188
41,41,2021-10-12,100000.0,100000.0,0.0,0,97324.01905876235
42,42,2021-10-13,100000.0,100000.0,0.0,0,97674.15440807538
43,43,2021-10-14,100000.0,100000.0,0.0,0,99317.1049589853
44,44,2021-10-15,100000.0,100000.0,0.0,0,100073.4791491028
45,45,2021-10-18,100000.0,100000.0,0.0,0,100369.73699291192
46,46,2021-10-19,100000.0,100000.0,0.0,0,101144.07755536887
47,47,2021-10-20,100000.0,100000.0,0.0,0,101541.35482151806
48,48,2021-10-21,100000.0,100000.0,0.0,0,101806.18231949036
49,49,2021-10-22,100000.0,100000.0,0.0,0,101700.6893136608
50,50,2021-10-25,100000.0,100000.0,0.0,0,102246.09910363362
51,51,2021-10-26,100000.0,100000.0,0.0,0,102338.12093212767
52,52,2021-10-27,100000.0,100000.0,0.0,0,101884.74017448704
53,53,2021-10-28,100000.0,100000.0,0.0,0,102867.81915110115
54,54,2021-10-29,100000.0,100000.0,0.0,0,103076.53595374386
55,55,2021-11-01,100000.0,100000.0,0.0,0,103253.85842974049
56,56,2021-11-02,100000.0,100000.0,0.0,0,103671.33525805481
57,57,2021-11-03,100000.0,100000.0,0.0,0,104304.27168151773
58,58,2021-11-04,100000.0,100000.0,0.0,0,104795.79676214849
59,59,2021-11-05,100000.0,100000.0,0.0,0,105159.40328879704
60,60,2021-11-08,100000.0,100000.0,0.0,0,105249.1919274654
61,61,2021-11-09,100000.0,100000.0,0.0,0,104901.2969718162
62,62,2021-11-10,100000.0,100000.0,0.0,0,104057.37453669414
63,63,2021-11-11,100000.0,100000.0,0.0,0,104091.04527619478
64,64,2021-11-12,100000.0,100000.0,0.0,0,104876.60221464714
65,65,2021-11-15,100000.0,34862.73877588543,65137.26122411456,10,104912.5133478116
66,66,2021-11-16,99551.09063465548,34862.73877588543,64688.35185877003,10,105327.74257862395
67,67,2021-11-17,98991.00639212242,34862.73877588543,64128.26761623699,10,105071.87665530693
68,68,2021-11-18,98786.23820151458,34862.73877588543,63923.49942562916,10,105428.72598177327
69,69,2021-11-19,97502.25994771627,34862.73877588543,62639.52117183085,10,105240.20153745754
70,70,2021-11-22,98187.66652898674,34862.73877588543,63324.9277531013,10,104943.92928597213
71,71,2021-11-23,98733.07295028432,34862.73877588543,63870.33417439889,10,105083.08582746418
72,72,2021-11-24,98377.2423417042,34862.73877588543,63514.50356581877,10,105363.6393041121
73,73,2021-11-25,98377.2423417042,34862.73877588543,63514.50356581877,10,105363.6393041121
74,74,2021-11-26,96497.93071741782,34862.73877588543,61635.1919415324,10,103013.69687358466
75,75,2021-11-29,96441.42554054304,34862.73877588543,61578.68676465762,10,104277.33653068486
76,76,2021-11-30,95150.125999559,34862.73877588543,60287.38722367358,10,102248.33949729743
77,77,2021-12-01,94481.00742919656,34862.73877588543,59618.26865331113,10,101112.64720953205
78,78,2021-12-02,95817.6578976056,34862.73877588543,60954.91912172016,10,102661.31392676967
79,79,2021-12-03,95786.48716139368,34862.73877588543,60923.74838550824,10,101768.03799650022
80,80,2021-12-06,96855.40613349232,34862.73877588543,61992.667357606886,10,102973.30495309256
81,81,2021-12-07,97528.52893985243,34862.73877588543,62665.790163967016,10,105103.29259346746
82,82,2021-12-08,97931.51740851642,34862.73877588543,63068.77863263099,10,105381.59847261342
83,83,2021-12-09,97745.17520822448,34862.73877588543,62882.436432339055,10,104670.1186018301
84,84,2021-12-10,98141.61983443092,34862.73877588543,63278.88105854549,10,105655.41636059359
85,85,2021-12-13,97395.10160504952,34862.73877588543,62532.36282916407,10,104719.48650465377
86,86,2021-12-14,97059.72303725674,34862.73877588543,62196.98426137131,10,103999.00904002445
87,87,2021-12-15,97345.60256647336,34862.73877588543,62482.86379058793,10,105624.00762627121
88,88,2021-12-16,97386.68169374044,34862.73877588543,62523.942917855005,10,104692.5513538209
89,89,2021-12-17,96404.93979894156,34862.73877588543,61542.20102305615,10,103578.31209605827
90,90,2021-12-20,95272.5811840828,34862.73877588543,60409.84240819736,10,102476.94609706494
91,91,2021-12-21,96595.80892436123,34862.73877588543,61733.07014847581,10,104296.8229128734
92,92,2021-12-22,96603.6498258705,34862.73877588543,61740.911049985065,10,105339.66493075778
93,93,2021-12-23,97041.18379800796,34862.73877588543,62178.44502212252,10,105995.09173691669
94,94,2021-12-24,97041.18379800796,34862.73877588543,62178.44502212252,10,105995.09173691669
95,95,2021-12-27,97637.8630583182,34862.73877588543,62775.124282432786,10,107495.13254665979
96,96,2021-12-28,98110.38697194256,34862.73877588543,63247.64819605713,10,107407.28174045305
97,97,2021-12-29,98234.97133930663,34862.73877588543,63372.23256342121,10,107544.69495311346
98,98,2021-12-30,97851.3596771677,34862.73877588543,62988.620901282266,10,107247.39975661112
99,99,2021-12-31,98131.40493718028,34862.73877588543,63268.66616129485,10,106977.09734164685
100,100,2022-01-03,98777.58483230189,34862.73877588543,63914.84605641645,10,107596.49775323093
101,101,2022-01-04,100337.53451496136,34862.73877588543,65474.79573907593,10,107560.45695097982
102,102,2022-01-05,99838.03591217626,34862.73877588543,64975.29713629083,10,105495.06612727208
103,103,2022-01-06,100591.76566977792,34862.73877588543,65729.0268938925,10,105395.95572204105
104,104,2022-01-07,101183.72889800464,34862.73877588543,66320.99012211921,10,104979.2785197611
105,105,2022-01-10,101327.73252417913,34862.73877588543,66464.9937482937,10,104848.63691495919
106,106,2022-01-11,102639.62419587946,34862.73877588543,67776.88541999403,10,105803.635330475
107,107,2022-01-12,102428.4032310568,34862.73877588543,67565.66445517137,10,106089.68533562933
108,108,2022-01-13,102622.43893459276,34862.73877588543,67759.70015870732,10,104627.92572180116
109,109,2022-01-14,103527.9074030338,34862.73877588543,68665.16862714836,10,104670.71652039632
110,110,2022-01-17,103527.9074030338,34862.73877588543,68665.16862714836,10,104670.71652039632
111,111,2022-01-18,103091.66975881184,34862.73877588543,68228.9309829264,10,102817.02488832429
112,112,2022-01-19,102569.65213097808,34862.73877588543,67706.91335509265,10,101749.4376864038
113,113,2022-01-20,101800.40618501394,34862.73877588543,66937.66740912851,10,100623.2544649929
114,114,2022-01-21,100990.30242600568,34862.73877588543,66127.56365012024,10,98647.94763731757
115,115,2022-01-24,101373.82141987835,34862.73877588543,66511.08264399292,10,99066.89404861395
116,116,2022-01-25,102429.1234618297,34862.73877588543,67566.38468594427,10,97857.36962367654
117,117,2022-01-26,102206.7901357205,34862.73877588543,67344.05135983507,10,97611.87002345354
118,118,2022-01-27,102033.72290340884,34862.73877588543,67170.98412752342,10,97129.87562069169
119,119,2022-01-28,102702.08494878894,34862.73877588543,67839.3461729035,10,99542.13845503173
120,120,2022-01-31,102775.4813349618,34862.73877588543,67912.74255907637,10,101334.98647011138
121,121,2022-02-01,103183.72706034174,34862.73877588543,68320.98828445631,10,102019.71848985364
122,122,2022-02-02,103184.76245889414,34862.73877588543,68322.02368300871,10,103010.7360961061
123,123,2022-02-03,101706.78346839336,34862.73877588543,66844.04469250792,10,100589.47566792005
124,124,2022-02-04,101939.99078918427,34862.73877588543,67077.25201329886,10,101062.47247683587
125,125,2022-02-07,102500.1808351064,34862.73877588543,67637.44205922098,10,100738.1268680903
126,126,2022-02-08,102513.77693320274,34862.73877588543,67651.0381573173,10,101566.98607764627
127,127,2022-02-09,103238.22828226344,34862.73877588543,68375.48950637801,10,103053.52689470128
128,128,2022-02-10,101987.3963606222,34862.73877588543,67124.65758473676,10,101202.10447164565
129,129,2022-02-11,103195.2786879171,34862.73877588543,68332.53991203167,10,99206.53324726188
130,130,2022-02-14,101970.08515342548,34862.73877588543,67107.34637754006,10,98882.18763851629
131,131,2022-02-15,102055.99044634611,12152.71967843105,89903.27076791506,20,100476.85086232463
132,132,2022-02-16,102886.73825723393,12152.71967843105,90734.01857880286,20,100589.47566792005
133,133,2022-02-17,101795.19905254676,12152.71967843105,89642.4793741157,20,98440.73643684766
134,134,2022-02-18,101524.79447134148,12152.71967843105,89372.07479291044,20,97803.31922605708
135,135,2022-02-21,101524.79447134148,12152.71967843105,89372.07479291044,20,97803.31922605708
136,136,2022-02-22,101178.7332820602,12152.71967843105,89026.01360362914,20,96753.75602718123
137,137,2022-02-23,100514.30032228056,12152.71967843105,88361.5806438495,20,95037.45599625516
138,138,2022-02-24,100576.092102843,12152.71967843105,88423.37242441194,20,96467.69161435058
139,139,2022-02-25,103564.62587884252,12152.71967843105,91411.90620041148,20,98596.17365255268
140,140,2022-02-28,104902.31754751602,12152.71967843105,92749.59786908496,20,98343.90964830933
141,141,2022-03-01,103968.71863076056,12152.71967843105,91815.99895232952,20,96846.09482455376
142,142,2022-03-02,105581.8432685074,12152.71967843105,93429.12359007636,20,98627.68324060913
143,143,2022-03-03,105638.48725175268,12152.71967843105,93485.76757332162,20,98136.66242864868
144,144,2022-03-04,106221.98511857732,12152.71967843105,94069.26544014628,20,97339.34162250173
145,145,2022-03-07,105858.84921301696,12152.71967843105,93706.12953458593,20,94469.8655886267
146,146,2022-03-08,105079.27895221712,12152.71967843105,92926.55927378609,20,93753.63118466614
147,147,2022-03-09,104979.32600546967,12152.71967843105,92826.60632703862,20,96267.23761406286
148,148,2022-03-10,105043.25932183106,12152.71967843105,92890.5396434,20,95832.52920490013
149,149,2022-03-11,104017.76651466382,12152.71967843105,91865.04683623277,20,94614.02159379299
150,150,2022-03-14,103864.28048245944,12152.71967843105,91711.5608040284,20,93922.54678154482
151,151,2022-03-15,103823.95942800092,12152.71967843105,91671.23974956988,20,95987.95921676702
152,152,2022-03-16,102724.37864527926,12152.71967843105,90571.6589668482,20,98116.39803194023
153,153,2022-03-17,104318.87548874776,12152.71967843105,92166.15581031672,20,99343.93205224597
154,154,2022-03-18,104509.26418641236,12152.71967843105,92356.54450798132,20,100432.02137753378
155,155,2022-03-21,106338.74388239498,12152.71967843105,94186.02420396393,20,100402.65132940709
156,156,2022-03-22,106600.49685221778,12152.71967843105,94447.77717378672,20,101577.49647750324
157,157,2022-03-23,106991.4634190103,12152.71967843105,94838.74374057924,20,100269.32989681438
158,158,2022-03-24,107783.97422600488,12152.71967843105,95631.25454757382,20,101780.83921688804
159,159,2022-03-25,109135.38361489192,12152.71967843105,96982.66393646089,20,102277.9040490541
160,160,2022-03-28,107609.40368331091,12152.71967843105,95456.68400487988,20,103005.41245971523
161,161,2022-03-29,107924.13807305884,12152.71967843105,95771.4183946278,20,104279.67777808274
162,162,2022-03-30,108321.71688684824,12152.71967843105,96168.99720841716,20,103635.76270528327
163,163,2022-03-31,106836.21783497042,12152.71967843105,94683.49815653935,20,102040.68886270052
164,164,2022-04-01,107288.70872241586,12152.71967843105,95135.9890439848,20,102329.86533361083
165,165,2022-04-04,107133.40837793896,12152.71967843105,94980.6886995079,20,103206.47878624547
166,166,2022-04-05,106484.82393794273,12152.71967843105,94332.10425951166,20,101902.86503126573
167,167,2022-04-06,106810.7946422252,12152.71967843105,94658.07496379416,20,100883.88932916346
168,168,2022-04-07,107609.84145573148,12152.71967843105,95457.12177730045,20,101392.2281680301
169,169,2022-04-08,108141.00532470192,12152.71967843105,95988.28564627087,20,101121.12612703147
170,170,2022-04-11,107467.92565255816,12152.71967843105,95315.20597412712,20,99392.74525953231
171,171,2022-04-12,107654.25756130269,12152.71967843105,95501.53788287163,20,99024.456238088
172,172,2022-04-13,108737.44208066314,12152.71967843105,96584.72240223207,20,100158.64292368059
173,173,2022-04-14,108969.63061791408,12152.71967843105,96816.91093948304,20,98911.49285209965
174,174,2022-04-15,108969.63061791408,12152.71967843105,96816.91093948304,20,98911.49285209965
175,175,2022-04-18,109453.68222199733,12152.71967843105,97300.96254356626,20,98952.15851844136
176,176,2022-04-19,110314.62526355086,12152.71967843105,98161.9055851198,20,100549.50877387865
177,177,2022-04-20,110329.30166644398,12152.71967843105,98176.58198801291,20,100474.94904905374
178,178,2022-04-21,108018.54792212872,12152.71967843105,95865.82824369766,20,98972.50215736942
179,179,2022-04-22,106870.49838415717,12152.71967843105,94717.7787057261,20,96256.76323339665
180,180,2022-04-25,105568.0185893705,12152.71967843105,93415.29891093944,20,96814.82296315618
181,181,2022-04-26,104855.21116389864,12152.71967843105,92702.4914854676,20,94010.99550631779
182,182,2022-04-27,105431.3824066984,12152.71967843105,93278.66272826734,20,94275.31873561979
183,183,2022-04-28,106352.14375904528,12152.71967843105,94199.42408061423,20,96656.66269663147
184,184,2022-04-29,104268.85015551756,12152.71967843105,92116.1304770865,20,93084.64675511395
185,185,2022-05-02,104360.38796744416,12152.71967843105,92207.6682890131,20,93644.99010156619
186,186,2022-05-03,105216.21390283549,12152.71967843105,93063.49422440444,20,94074.24520525138
187,187,2022-05-04,108875.69281262066,12152.71967843105,96722.9731341896,20,96939.08196735955
188,188,2022-05-05,106717.56034227372,12152.71967843105,94564.84066384268,20,93493.60144289996
189,189,2022-05-06,107261.49511487332,12152.71967843105,95108.77543644226,20,92935.54891697857
190,190,2022-05-09,103136.03297383328,12152.71967843105,90983.31329540224,20,89960.00357022218
191,191,2022-05-10,102872.74756396007,12152.71967843105,90720.02788552902,20,90167.85591228721
192,192,2022-05-11,102718.56145312345,12152.71967843105,90565.8417746924,20,88735.43032739499
193,193,2022-05-12,102576.4583352559,12152.71967843105,90423.73865682483,20,88642.80337649657
194,194,2022-05-13,104206.83041427648,12152.71967843105,92054.11073584542,20,90762.07170570822
195,195,2022-05-16,78879.06982897002,12152.71967843105,66726.35015053897,16,90393.78988810205
196,196,2022-05-17,80234.41710156726,12152.71967843105,68081.69742313621,16,92253.22297917752
197,197,2022-05-18,78387.40238249012,12152.71967843105,66234.68270405907,16,88534.36400086475
198,198,2022-05-19,77669.14412791,12152.71967843105,65516.42444947894,16,87992.1166958386
199,199,2022-05-20,77482.53701172923,12152.71967843105,65329.81733329819,16,88030.52035700204
200,200,2022-05-23,79175.2706385415,12152.71967843105,67022.55096011044,16,89677.57709565594
201,201,2022-05-24,79785.56584233696,12152.71967843105,67632.84616390591,16,88993.01076419107
202,202,2022-05-25,80341.40519028112,12152.71967843105,68188.68551185007,16,89779.25206726741
203,203,2022-05-26,81501.8330536042,12152.71967843105,69349.11337517315,16,91573.16625039287
204,204,2022-05-27,82839.07569588054,12152.71967843105,70686.35601744949,16,93821.20318648813
205,205,2022-05-30,82839.07569588054,12152.71967843105,70686.35601744949,16,93821.20318648813
206,206,2022-05-31,81564.9496394771,12152.71967843105,69412.22996104605,16,93294.77551003353
207,207,2022-06-01,81377.86987470057,12152.71967843105,69225.15019626952,16,92540.15905642399
208,208,2022-06-02,82081.89001103089,12152.71967843105,69929.17033259984,16,94302.44839008265
209,209,2022-06-03,82013.65046654885,12152.71967843105,69860.9307881178,16,92754.79021018566
210,210,2022-06-06,81980.35491906943,12152.71967843105,69827.63524063838,16,93037.22388859004
211,211,2022-06-07,83440.56535465414,12152.71967843105,71287.84567622309,16,93929.6497659581
212,212,2022-06-08,82476.18023376819,12152.71967843105,70323.46055533714,16,92908.44087403014
213,213,2022-06-09,80759.21250769391,12152.71967843105,68606.49282926286,16,90698.79319142204
214,214,2022-06-10,79345.54420055739,12152.71967843105,67192.82452212634,16,88068.93122200362
215,215,2022-06-13,77077.69540944579,12152.71967843105,64924.97573101475,16,84725.11126147922
216,216,2022-06-14,76381.95125532066,12152.71967843105,64229.231576889615,16,84469.81444137584
217,217,2022-06-15,76218.94729658157,12152.71967843105,64066.227618150515,16,85674.02963759867
218,218,2022-06-16,73856.64801386138,12152.71967843105,61703.92833543034,16,82838.5629236172
219,219,2022-06-17,73560.48063824762,12152.71967843105,61407.76095981658,16,83017.15327512776
220,220,2022-06-20,73560.48063824762,12152.71967843105,61407.76095981658,16,83017.15327512776
221,221,2022-06-21,75552.41119640043,12152.71967843105,63399.691517969375,16,85106.97951783126
222,222,2022-06-22,74970.35940649972,12152.71967843105,62817.63972806867,16,84952.6949162298
223,223,2022-06-23,74075.83010415857,12152.71967843105,61923.110425727515,16,85785.4514022235
224,224,2022-06-24,75641.10471230067,12152.71967843105,63488.38503386962,16,88512.89656318568
225,225,2022-06-27,75891.59579888833,12152.71967843105,63738.87612045727,16,88174.806031255
226,226,2022-06-28,75549.89855322847,12152.71967843105,63397.17887479742,16,86373.13331444486
227,227,2022-06-29,75243.99493813384,12152.71967843105,63091.27525970279,16,86302.80944645058
228,228,2022-06-30,75510.21313647673,12152.71967843105,63357.49345804568,16,85601.64547189426
229,229,2022-07-01,76033.97590700051,12152.71967843105,63881.25622856945,16,86507.00223873678
230,230,2022-07-04,76033.97590700051,12152.71967843105,63881.25622856945,16,86507.00223873678
231,231,2022-07-05,74230.79383533815,12152.71967843105,62078.0741569071,16,86670.37808408016
232,232,2022-07-06,74792.92377088667,12152.71967843105,62640.20409245562,16,86963.09884335895
233,233,2022-07-07,75521.88171858594,12152.71967843105,63369.16204015488,16,88265.56718807327
234,234,2022-07-08,75331.57775904062,12152.71967843105,63178.85808060957,16,88192.95970338628
235,235,2022-07-11,74747.09702623475,12152.71967843105,62594.3773478037,16,87185.48132696716
236,236,2022-07-12,74123.6856661949,12152.71967843105,61970.96598776385,16,86413.97907674024
237,237,2022-07-13,73320.56421642445,12152.71967843105,61167.8445379934,16,85960.15888497264
238,238,2022-07-14,72319.5869585927,12152.71967843105,60166.86728016164,16,85751.42047081549
239,239,2022-07-15,73298.00802584869,12152.71967843105,61145.288347417634,16,87389.69573076778
240,240,2022-07-18,72886.58753671896,12152.71967843105,60733.867858287915,16,86668.12328274005
241,241,2022-07-19,74356.46433993848,12152.71967843105,62203.74466150744,16,89009.8317262651
242,242,2022-07-20,74593.94607782943,12152.71967843105,62441.22639939839,16,89577.09796117693
243,243,2022-07-21,74977.14912029043,12152.71967843105,62824.42944185938,16,90489.28396658311
244,244,2022-07-22,74993.1622203353,12152.71967843105,62840.44254190425,16,89649.7054458639
245,245,2022-07-25,75810.41371353844,12152.71967843105,63657.69403510738,16,89758.6418863279
246,246,2022-07-26,75377.74732417466,12152.71967843105,63225.02764574361,16,88696.70249351492
247,247,2022-07-27,76318.86281158181,12152.71967843105,64166.14313315076,16,90999.81997608469
248,248,2022-07-28,76895.04799621955,12152.71967843105,64742.3283177885,16,92141.18168447203
249,249,2022-07-29,78158.67260486944,12152.71967843105,66005.95292643839,16,93484.48858764359
250,250,2022-08-01,77941.17475279683,12152.71967843105,65788.45507436577,16,93207.65229147968
251,251,2022-08-02,78435.10797935305,12152.71967843105,66282.388300922,16,92592.72546338508
252,252,2022-08-03,78752.66452373259,12152.71967843105,66599.94484530154,16,94042.69959800421
253,253,2022-08-04,78184.76529503161,12152.71967843105,66032.04561660056,16,93979.15454170658
254,254,2022-08-05,78449.54530515526,12152.71967843105,66296.82562672421,16,93820.29550288156
255,255,2022-08-08,78414.25582800759,12152.71967843105,66261.53614957654,16,93711.39508160831
256,256,2022-08-09,78673.89419293976,12152.71967843105,66521.1745145087,16,93339.27361826962
257,257,2022-08-10,79579.33531796522,12152.71967843105,67426.61563953417,16,95299.75494703774
258,258,2022-08-11,80305.30889329856,12152.71967843105,68152.5892148675,16,95299.75494703774
259,259,2022-08-12,81407.14137039754,12152.71967843105,69254.42169196649,16,96913.09051932396
260,260,2022-08-15,81352.39549529692,8081.736457052078,73270.65903824485,22,97312.43528702144
261,261,2022-08-16,81264.13067593426,8081.736457052078,73182.39421888218,22,97503.05604823805
262,262,2022-08-17,80898.76593387595,8081.736457052078,72817.02947682388,22,96810.98331742366
263,263,2022-08-18,81388.1788991611,8081.736457052078,73306.44244210902,22,97092.35803162037
264,264,2022-08-19,80581.75245968137,8081.736457052078,72500.0160026293,22,95787.62047788965
265,265,2022-08-22,78945.34633425661,8081.736457052078,70863.60987720454,22,93793.08660619908
266,266,2022-08-23,79563.92923138049,8081.736457052078,71482.19277432842,22,93566.1873160725
267,267,2022-08-24,79900.96571851482,8081.736457052078,71819.22926146275,22,93865.70849856237
268,268,2022-08-25,81168.89885995293,8081.736457052078,73087.16240290085,22,95190.86172960264
269,269,2022-08-26,79053.21429804817,8081.736457052078,70971.4778409961,22,91968.729003063
270,270,2022-08-29,78964.88365756017,8081.736457052078,70883.1472005081,22,91360.61700585578
271,271,2022-08-30,77582.0374627938,8081.736457052078,69500.30100574173,22,90357.66984363132
272,272,2022-08-31,77110.90605969762,8081.736457052078,69029.16960264555,22,89670.12112317345
273,273,2022-09-01,76599.2012738343,8081.736457052078,68517.46481678223,22,89951.50304120833
274,274,2022-09-02,76485.45061297395,8081.736457052078,68403.71415592187,22,89003.01689537772
275,275,2022-09-05,76485.45061297395,8081.736457052078,68403.71415592187,22,89003.01689537772
276,276,2022-09-06,76143.51117829588,8081.736457052078,68061.77472124381,22,88667.20277630158
277,277,2022-09-07,77033.81933181077,8081.736457052078,68952.0828747587,22,90260.12267127827
278,278,2022-09-08,77767.06247223893,8081.736457052078,69685.32601518686,22,90850.05938483977
279,279,2022-09-09,79106.33245159154,8081.736457052078,71024.59599453947,22,92261.44255850362
280,280,2022-09-12,79417.26351393337,8081.736457052078,71335.5270568813,22,93253.04367564603
281,281,2022-09-13,76807.11616041265,8081.736457052078,68725.37970336058,22,89198.1544631127
282,282,2022-09-14,77519.04794425941,8081.736457052078,69437.31148720733,22,89538.53581557424
283,283,2022-09-15,76887.7820562766,8081.736457052078,68806.04559922453,22,88521.98060308948
284,284,2022-09-16,76152.19182702842,8081.736457052078,68070.45536997635,22,87846.64959212948
285,285,2022-09-19,76838.08402376644,8081.736457052078,68756.34756671436,22,88527.90215804658
286,286,2022-09-20,76186.08473506197,8081.736457052078,68104.3482780099,22,87511.73595282176
287,287,2022-09-21,75487.67588965411,8081.736457052078,67405.93943260204,22,85985.18501869647
288,288,2022-09-22,75219.57772069941,8081.736457052078,67137.84126364734,22,85262.93540988289
289,289,2022-09-23,73459.85337953841,8081.736457052078,65378.11692248633,22,83834.3494707232
290,290,2022-09-26,72578.43359988001,8081.736457052078,64496.697142827936,22,83005.02201168764
291,291,2022-09-27,72371.34182378402,8081.736457052078,64289.60536673195,22,82793.12831642196
292,292,2022-09-28,74804.0753700534,8081.736457052078,66722.33891300132,22,84422.18266354567
293,293,2022-09-29,73618.47062965552,8081.736457052078,65536.73417260345,22,82658.6902889164
294,294,2022-09-30,73169.23128346968,8081.736457052078,65087.494826417606,22,81380.5132864349
295,295,2022-10-03,75639.24591808215,8081.736457052078,67557.50946103007,22,83529.05801387732
296,296,2022-10-04,77295.99410127691,8081.736457052078,69214.25764422484,22,86117.33222567117
297,297,2022-10-05,77658.97977930606,8081.736457052078,69577.24332225398,22,85916.83500235456
298,298,2022-10-06,77561.78982019529,8081.736457052078,69480.05336314322,22,85030.5395912499
299,299,2022-10-07,76766.87456676566,8081.736457052078,68685.13810971359,22,82658.6902889164
300,300,2022-10-10,76770.28713269741,8081.736457052078,68688.55067564534,22,82027.56202882846
301,301,2022-10-11,76656.03753394529,8081.736457052078,68574.30107689321,22,81508.0932600242
302,302,2022-10-12,75953.75373007791,8081.736457052078,67872.01727302583,22,81239.24602036568
303,303,2022-10-13,77968.01060586757,8081.736457052078,69886.2741488155,22,83383.22351442269
304,304,2022-10-14,75498.00299651868,8081.736457052078,67416.26653946661,22,81483.03110710961
305,305,2022-10-17,77402.34375398594,8081.736457052078,69320.60729693387,22,83576.90590685191
306,306,2022-10-18,79632.92646311526,8081.736457052078,71551.19000606319,22,84558.90430774393
307,307,2022-10-19,80113.86608651378,8081.736457052078,72032.1296294617,22,83959.68184681052
308,308,2022-10-20,80103.43649891857,8081.736457052078,72021.7000418665,22,83255.6579485097
309,309,2022-10-21,82908.49858877904,8081.736457052078,74826.76213172697,22,85278.88470754109
310,310,2022-10-24,83852.54532776435,8081.736457052078,75770.80887071228,22,86322.38947853504
311,311,2022-10-25,84780.45207845444,8081.736457052078,76698.71562140237,22,87700.82950035114
312,312,2022-10-26,84954.58321008986,8081.736457052078,76872.84675303778,22,87040.0862616395
313,313,2022-10-27,85137.12709633539,8081.736457052078,77055.39063928332,22,86575.30182821165
314,314,2022-10-28,85773.54813003898,8081.736457052078,77691.8116729869,22,88634.96560059226
315,315,2022-10-31,86232.36735564088,8081.736457052078,78150.6308985888,22,87994.74609676238
316,316,2022-11-01,86343.70213827981,8081.736457052078,78261.96568122774,22,87609.69374394922
317,317,2022-11-02,85331.42787609315,8081.736457052078,77249.69141904108,22,85411.02471067765
318,318,2022-11-03,85880.8286948586,8081.736457052078,77799.09223780653,22,84531.55853813664
319,319,2022-11-04,86646.16088857442,8081.736457052078,78564.42443152235,22,85748.23637435435
320,320,2022-11-07,87641.92906378716,8081.736457052078,79560.19260673509,22,86568.45818197168
321,321,2022-11-08,88036.24890035967,8081.736457052078,79954.5124433076,22,87035.5334359304
322,322,2022-11-09,86406.02599990951,8081.736457052078,78324.28954285744,22,85242.43328651559
323,323,2022-11-10,88732.58784393991,8081.736457052078,80650.85138688784,22,89926.84430323
324,324,2022-11-11,88235.96158467112,8081.736457052078,80154.22512761905,22,90797.20482435277
325,325,2022-11-14,87898.29215484155,8081.736457052078,79816.55569778947,22,90024.81650203375
326,326,2022-11-15,89032.37173636639,12111.81443617248,76920.5573001939,28,90792.63038712922
327,327,2022-11-16,87810.25983644299,12111.81443617248,75698.4454002705,28,90100.00296077748
328,328,2022-11-17,87459.20363462815,12111.81443617248,75347.38919845567,28,89824.312074879
329,329,2022-11-18,87897.28912078714,12111.81443617248,75785.47468461466,28,90232.16457542847
330,330,2022-11-21,87394.06305690548,12111.81443617248,75282.248620733,28,89904.05856316998
331,331,2022-11-22,88332.44565905211,12111.81443617248,76220.63122287963,28,91113.88554930958
332,332,2022-11-23,88157.48214084313,12111.81443617248,76045.66770467065,28,91688.06026500471
333,333,2022-11-24,88157.48214084313,12111.81443617248,76045.66770467065,28,91688.06026500471
334,334,2022-11-25,87961.72943845169,12111.81443617248,75849.9150022792,28,91667.5437339611
335,335,2022-11-28,87003.98407520927,12111.81443617248,74892.16963903679,28,90204.81880582118
336,336,2022-11-29,87227.31799988632,12111.81443617248,75115.50356371384,28,90049.88585878647
337,337,2022-11-30,89449.23315847846,12111.81443617248,77337.41872230597,28,92886.51959454782
338,338,2022-12-01,89989.61804442448,12111.81443617248,77877.803608252,28,92818.15517052962
339,339,2022-12-02,90341.2739322078,12111.81443617248,78229.45949603531,28,92711.07011646949
340,340,2022-12-05,88586.7527933869,12111.81443617248,76474.93835721441,28,91043.27352778941
341,341,2022-12-06,87683.3030537498,12111.81443617248,75571.48861757731,28,89730.89990562251
342,342,2022-12-07,87123.56791163704,12111.81443617248,75011.75347546456,28,89578.2649829568
343,343,2022-12-08,87695.05916066225,12111.81443617248,75583.24472448976,28,90280.00526456491
344,344,2022-12-09,86536.2425252559,12111.81443617248,74424.42808908342,28,89605.59634488777
345,345,2022-12-12,88112.98077092733,12111.81443617248,76001.16633475485,28,90897.44623217292
346,346,2022-12-13,88903.96807666749,12111.81443617248,76792.153640495,28,91585.5280366537
347,347,2022-12-14,88574.14048063509,12111.81443617248,76462.3260444626,28,90999.97125668579
348,348,2022-12-15,86573.82381451385,12111.81443617248,74462.00937834136,28,88773.97086148322
349,349,2022-12-16,85999.90374441426,12111.81443617248,73888.08930824178,28,87725.89885710386
350,350,2022-12-19,85349.39658700307,12111.81443617248,73237.58215083058,28,86981.99451081941
351,351,2022-12-20,86204.89975898687,12111.81443617248,74093.08532281438,28,87101.0235285278
352,352,2022-12-21,87181.34944108763,12111.81443617248,75069.53500491515,28,88403.40542718435
353,353,2022-12-22,85509.6636083601,12111.81443617248,73397.84917218762,28,87142.22948273056
354,354,2022-12-23,86130.194645027,12111.81443617248,74018.38020885452,28,87643.48694869837
355,355,2022-12-26,86130.194645027,12111.81443617248,74018.38020885452,28,87643.48694869837
356,356,2022-12-27,86029.47364716558,12111.81443617248,73917.6592109931,28,87297.88281358001
357,357,2022-12-28,84977.58893508221,12111.81443617248,72865.77449890973,28,86212.94876940074
358,358,2022-12-29,86146.00762444967,12111.81443617248,74034.19318827719,28,87764.81399077577
359,359,2022-12-30,86068.68661419001,12111.81443617248,73956.87217801753,28,87533.61400927522
360,360,2023-01-02,86068.68661419001,12111.81443617248,73956.87217801753,28,87533.61400927522
361,361,2023-01-03,85154.96330331475,12111.81443617248,73043.14886714227,28,87165.13048420093
362,362,2023-01-04,85474.84049381969,12111.81443617248,73363.0260576472,28,87838.05541321971
363,363,2023-01-05,84885.936954329,12111.81443617248,72774.12251815651,28,86835.51886976966
364,364,2023-01-06,86282.93943826234,12111.81443617248,74171.12500208986,28,88826.84703348466
365,365,2023-01-09,86587.11853370351,12111.81443617248,74475.30409753103,28,88776.4922048348
366,366,2023-01-10,86964.00116485408,12111.81443617248,74852.1867286816,28,89399.06230520371
367,367,2023-01-11,87848.08198525089,12111.81443617248,75736.2675490784,28,90529.76953697114
368,368,2023-01-12,88501.52591011948,12111.81443617248,76389.711473947,28,90859.35953988797
369,369,2023-01-13,88409.02319940344,12111.81443617248,76297.20876323096,28,91211.85054427518
370,370,2023-01-16,88409.02319940344,12111.81443617248,76297.20876323096,28,91211.85054427518
371,371,2023-01-17,88526.07177023278,12111.81443617248,76414.2573340603,28,91044.75751844776
372,372,2023-01-18,87215.92624059964,12111.81443617248,75104.11180442716,28,89607.34687755759
373,373,2023-01-19,86599.02170233603,12111.81443617248,74487.20726616355,28,88955.03212947832
374,374,2023-01-20,87954.58064278301,12111.81443617248,75842.76620661053,28,90612.1742415385
375,375,2023-01-23,88471.53836441807,12111.81443617248,76359.72392824558,28,91699.38469857232
376,376,2023-01-24,88383.03667500775,12111.81443617248,76271.22223883527,28,91600.96586180343
377,377,2023-01-25,88818.85556822969,12111.81443617248,76707.0411320572,28,91635.29935441363
378,378,2023-01-26,90249.65682142832,12111.81443617248,78137.84238525583,28,92642.4031312491
379,379,2023-01-27,90155.2119972144,12111.81443617248,78043.39756104193,28,92855.26934466467
380,380,2023-01-30,89319.53223511607,12111.81443617248,77207.71779894359,28,91690.22862028706
381,381,2023-01-31,90562.60024648267,12111.81443617248,78450.78581031019,28,93038.37650269362
382,382,2023-02-01,91640.4683687336,12111.81443617248,79528.65393256111,28,94027.17532679671
383,383,2023-02-02,92043.03657782814,12111.81443617248,79931.22214165566,28,95395.92618630464
384,384,2023-02-03,91438.1707854694,12111.81443617248,79326.35634929691,28,94381.95715171477
385,385,2023-02-06,91208.18085629016,12111.81443617248,79096.36642011769,28,93805.15303509586
386,386,2023-02-07,92155.1835790801,12111.81443617248,80043.36914290761,28,95031.99548693947
387,387,2023-02-08,91823.14498771992,12111.81443617248,79711.33055154743,28,93992.84183418652
388,388,2023-02-09,91019.22665358646,12111.81443617248,78907.41221741398,28,93178.00129366525
389,389,2023-02-10,91688.73963772836,12111.81443617248,79576.92520155587,28,93395.45635198068
390,390,2023-02-13,92594.64591630377,12111.81443617248,80482.83148013127,28,94491.81568346162
391,391,2023-02-14,93787.13435909692,12111.81443617248,81675.31992292445,28,94448.32611256617
392,392,2023-02-15,94398.88354579288,10560.327245310567,83838.55630048229,35,94755.05113320335
393,393,2023-02-16,93307.94628528463,10560.327245310567,82747.61903997409,35,93450.37841401596
394,394,2023-02-17,92452.50771112498,10560.327245310567,81892.18046581441,35,93216.91642733714
395,395,2023-02-20,92452.50771112498,10560.327245310567,81892.18046581441,35,93216.91642733714
396,396,2023-02-21,90557.06526024928,10560.327245310567,79996.73801493872,35,91346.89369418511
397,397,2023-02-22,90750.96102041088,10560.327245310567,80190.63377510032,35,91221.01382639859
398,398,2023-02-23,91237.79975608892,10560.327245310567,80677.47251077837,35,91706.24995632672
399,399,2023-02-24,90595.1902234465,10560.327245310567,80034.86297813593,35,90726.61441434704
400,400,2023-02-27,91003.42808898009,10560.327245310567,80443.10084366951,35,91035.60864400065
401,401,2023-02-28,90975.01053432506,10560.327245310567,80414.68328901449,35,90699.14617949126
402,402,2023-03-01,91094.40263082218,10560.327245310567,80534.07538551162,35,90351.23681616575
403,403,2023-03-02,92126.9099802502,10560.327245310567,81566.58273493964,35,91053.91359673302
404,404,2023-03-03,93054.5398114814,10560.327245310567,82494.21256617083,35,92514.22523909358
405,405,2023-03-06,92911.15213282654,10560.327245310567,82350.82488751598,35,92578.31058325227
406,406,2023-03-07,92398.36841316325,10560.327245310567,81838.04116785266,35,91159.2120989326
407,407,2023-03-08,92852.67132742156,10560.327245310567,82292.344082111,35,91307.9929681895
408,408,2023-03-09,91370.95989194716,10560.327245310567,80810.63264663659,35,89623.3610097591
409,409,2023-03-10,90018.0751492714,10560.327245310567,79457.74790396083,35,88330.17120857855
410,410,2023-03-13,90242.24941466589,10560.327245310567,79681.92216935531,35,88204.26252543945
411,411,2023-03-14,91574.48982601476,10560.327245310567,81014.16258070419,35,89662.27614343101
412,412,2023-03-15,90445.51554050436,10560.327245310567,79885.1882951938,35,89101.50777052807
413,413,2023-03-16,92499.68305630158,10560.327245310567,81939.35581099102,35,90664.80548304292
414,414,2023-03-17,91612.60870387383,10560.327245310567,81052.28145856329,35,89604.68866128122
415,415,2023-03-20,92531.37326622856,10560.327245310567,81971.04602091799,35,90466.29651905497
416,416,2023-03-21,93503.01933186845,10560.327245310567,82942.69208655787,35,91654.1662065215
417,417,2023-03-22,92136.72590636856,10560.327245310567,81576.39866105797,35,90091.78338145136
418,418,2023-03-23,92790.96703380576,10560.327245310567,82230.6397884952,35,90335.33794537459
419,419,2023-03-24,92731.39029670766,10560.327245310567,82171.0630513971,35,90928.12737884243
420,420,2023-03-27,92671.69916665874,10560.327245310567,82111.37192134817,35,91098.13795911951
421,421,2023-03-28,92129.4461408154,10560.327245310567,81569.11889550483,35,90893.66421714558
422,422,2023-03-29,93399.52750056091,10560.327245310567,82839.20025525034,35,92214.78329882334
423,423,2023-03-30,93735.2806277486,10560.327245310567,83174.95338243805,35,92754.72537564233
424,424,2023-03-31,95076.43325031988,10560.327245310567,84516.10600500931,35,94062.0707187824
425,425,2023-04-03,95585.30488898128,10560.327245310567,85024.9776436707,35,94420.50488964116
426,426,2023-04-04,94791.35381944764,10560.327245310567,84231.02657413705,35,93896.62737189072
427,427,2023-04-05,93822.40896285058,10560.327245310567,83262.08171754002,35,93650.79639511293
428,428,2023-04-06,93639.31894310878,10560.327245310567,83078.99169779822,35,94016.1246390787
429,429,2023-04-07,93639.31894310878,10560.327245310567,83078.99169779822,35,94016.1246390787
430,430,2023-04-10,94714.35926238688,10560.327245310567,84154.03201707632,35,94112.6128472241
431,431,2023-04-11,94719.9554290826,10560.327245310567,84159.62818377203,35,94137.89831912123
432,432,2023-04-12,94345.2990143469,10560.327245310567,83784.97176903635,35,93754.18588020348
433,433,2023-04-13,95129.35219424091,10560.327245310567,84569.02494893037,35,94999.4917692187
434,434,2023-04-14,95049.99600944485,10560.327245310567,84489.66876413429,35,94767.44173481678
435,435,2023-04-17,95247.7893136056,10560.327245310567,84687.46206829505,35,95107.48450688539
436,436,2023-04-18,95790.77044261846,10560.327245310567,85230.44319730789,35,95169.51675717208
437,437,2023-04-19,95066.37442006788,10560.327245310567,84506.04717475732,35,95153.43779042723
438,438,2023-04-20,94809.98233394984,10560.327245310567,84249.65508863928,35,94634.17072909109
439,439,2023-04-21,94366.84165322408,10560.327245310567,83806.51440791352,35,94707.70750889908
440,440,2023-04-24,94111.76876737663,10560.327245310567,83551.44152206607,35,94806.49374141348
441,441,2023-04-25,91927.4001368458,10560.327245310567,81367.07289153522,35,93301.55432173017
442,442,2023-04-26,91747.00329586623,10560.327245310567,81186.67605055569,35,92906.36616864371
443,443,2023-04-27,92781.40916259108,10560.327245310567,82221.0819172805,35,94755.94440913362
444,444,2023-04-28,93370.12952602551,10560.327245310567,82809.80228071495,35,95564.70491025854
445,445,2023-05-01,93481.10820455794,10560.327245310567,82920.78095924738,35,95468.20229443685
446,446,2023-05-02,92052.2272396395,10560.327245310567,81491.89999432892,35,94395.22662158216
447,447,2023-05-03,92464.19710058012,10560.327245310567,81903.86985526954,35,93747.29901093463
448,448,2023-05-04,91884.12958369826,10560.327245310567,81323.8023383877,35,93083.27802586595
449,449,2023-05-05,92916.35124338356,10560.327245310567,82356.02399807301,35,94806.49374141348
450,450,2023-05-08,93149.17843209657,10560.327245310567,82588.85118678599,35,94831.76480563432
451,451,2023-05-09,93932.68357522784,10560.327245310567,83372.35632991727,35,94415.89443322686
452,452,2023-05-10,94761.63413062655,10560.327245310567,84201.306885316,35,94857.05027753147
453,453,2023-05-11,94424.25871069104,10560.327245310567,83863.93146538048,35,94691.61413447793
454,454,2023-05-12,94234.8420460076,10560.327245310567,83674.51480069704,35,94567.54243006639
455,455,2023-05-15,94867.69747554218,4185.50497327884,90682.19250226334,44,94893.81866743545
456,456,2023-05-16,94363.48248704289,4185.50497327884,90177.97751376404,44,94259.66479532563
457,457,2023-05-17,96363.06006116446,4185.50497327884,92177.55508788562,44,95403.87201978116
458,458,2023-05-18,98750.07595972068,4185.50497327884,94564.57098644185,44,96322.92328294176
459,459,2023-05-19,98425.64331194482,4185.50497327884,94240.13833866596,44,96182.75820410908
460,460,2023-05-22,98979.84955515774,4185.50497327884,94794.34458187888,44,96221.82461838207
461,461,2023-05-23,98308.43731683424,4185.50497327884,94122.9323435554,44,95141.94766858223
462,462,2023-05-24,97996.44166657032,4185.50497327884,93810.93669329149,44,94452.65561929271
463,463,2023-05-25,99997.07842096452,4185.50497327884,95811.57344768567,44,95270.60821789362
464,464,2023-05-26,102657.4078289682,4185.50497327884,98471.90285568936,44,96504.43118890199
465,465,2023-05-29,102657.4078289682,4185.50497327884,98471.90285568936,44,96504.43118890199
466,466,2023-05-30,103711.56468083253,4185.50497327884,99526.05970755368,44,96541.19237496784
467,467,2023-05-31,102547.68361442068,4185.50497327884,98362.17864114184,44,96005.85355072499
468,468,2023-06-01,103733.63199301016,4185.50497327884,99548.12701973131,44,96918.00353694045
469,469,2023-06-02,104325.51045400526,4185.50497327884,100140.0054807264,44,98319.5534715332
470,470,2023-06-05,104593.18312616849,4185.50497327884,100407.67815288964,44,98131.15149246597
471,471,2023-06-06,105543.47722015103,4185.50497327884,101357.9722468722,44,98344.8173319159
472,472,2023-06-07,105019.67120747456,4185.50497327884,100834.16623419573,44,98004.76735600914
473,473,2023-06-08,106058.50581612773,4185.50497327884,101873.00084284888,44,98597.56399331513
474,474,2023-06-09,105832.9798996237,4185.50497327884,101647.47492634485,44,98774.47585053735
475,475,2023-06-12,107063.01672442838,4185.50497327884,102877.51175114952,44,99670.54687000797
476,476,2023-06-13,107640.5017098753,4185.50497327884,103454.99673659644,44,100327.65937429335
477,477,2023-06-14,107541.04133898576,4185.50497327884,103355.53636570692,44,100447.14223380503
478,478,2023-06-15,108705.35930354876,4185.50497327884,104519.85433026993,44,101692.44812282025
479,479,2023-06-16,107864.54626623796,4185.50497327884,103679.04129295913,44,101346.05156550568
480,480,2023-06-19,107864.54626623796,4185.50497327884,103679.04129295913,44,101346.05156550568
481,481,2023-06-20,106693.75541855376,4185.50497327884,102508.25044527493,44,100820.27223448435
482,482,2023-06-21,105743.52511612416,4185.50497327884,101558.0201428453,44,100303.68500093902
483,483,2023-06-22,105642.38513538284,4185.50497327884,101456.880162104,44,100665.74990622402
484,484,2023-06-23,104558.0733538376,4185.50497327884,100372.56838055876,44,99904.71483282521
485,485,2023-06-26,104575.14237138227,4185.50497327884,100389.63739810344,44,99496.53095572095
486,486,2023-06-27,106797.11549627795,4185.50497327884,102611.61052299912,44,100587.34333182845
487,487,2023-06-28,107274.02853802744,4185.50497327884,103088.52356474858,44,100638.07996390012
488,488,2023-06-29,108015.36524767843,4185.50497327884,103829.8602743996,44,101034.73049613049
489,489,2023-06-30,108977.78017895624,4185.50497327884,104792.2752056774,44,102227.01613638132
490,490,2023-07-03,109246.02350518464,4185.50497327884,105060.5185319058,44,102344.63320181286
491,491,2023-07-04,109246.02350518464,4185.50497327884,105060.5185319058,44,102344.63320181286
492,492,2023-07-05,108925.98258264568,4185.50497327884,104740.47760936682,44,102192.41610175968
493,493,2023-07-06,107747.08362806226,4185.50497327884,103561.5786547834,44,101392.19214883936
494,494,2023-07-07,108076.36793531296,4185.50497327884,103890.86296203412,44,101136.21096411199
495,495,2023-07-10,109546.07246019182,4185.50497327884,105360.56748691296,44,101392.19214883936
496,496,2023-07-11,110187.17535862328,4185.50497327884,106001.67038534443,44,102037.90818117566
497,497,2023-07-12,110412.5599981637,4185.50497327884,106227.05502488486,44,102858.90079947475
498,498,2023-07-13,111943.98362294308,4185.50497327884,107758.47864966422,44,103675.28296135954
499,499,2023-07-14,111509.26469868724,4185.50497327884,107323.75972540838,44,103610.7005523687
500,500,2023-07-17,113446.84219362044,4185.50497327884,109261.3372203416,44,103970.47463712285
501,501,2023-07-18,114371.79886305831,4185.50497327884,110186.29388977948,44,104743.02144388112
502,502,2023-07-19,113894.93626818908,4185.50497327884,109709.43129491025,44,104975.95034653702
503,503,2023-07-20,112089.67948173244,4185.50497327884,107904.17450845358,44,104279.48327445275
504,504,2023-07-21,111942.57054815268,4185.50497327884,107757.06557487384,44,104279.48327445275
505,505,2023-07-24,112366.48463290952,4185.50497327884,108180.97965963068,44,104745.33387592642
506,506,2023-07-25,113088.75736086928,4185.50497327884,108903.25238759044,44,105031.29023118484
507,507,2023-07-26,113331.4359883404,4185.50497327884,109145.93101506156,44,105047.42682863488
508,508,2023-07-27,112738.59881544983,4185.50497327884,108553.093842171,44,104350.97416422691
509,509,2023-07-28,115055.15194599213,4185.50497327884,110869.64697271328,44,105372.60087876739
510,510,2023-07-31,116599.81487783168,4185.50497327884,112414.30990455284,44,105573.24217884695
511,511,2023-08-01,117430.75824364428,4185.50497327884,113245.25327036544,44,105271.13481846219
512,512,2023-08-02,114932.45050792403,4185.50497327884,110746.9455346452,44,103806.73139603395
513,513,2023-08-03,114933.40420448103,4185.50497327884,110747.8992312022,44,103509.22728822535
514,514,2023-08-04,114461.29348293264,4185.50497327884,110275.7885096538,44,103041.07866238269
515,515,2023-08-07,115486.59535691015,4185.50497327884,111301.09038363132,44,103940.47785507736
516,516,2023-08-08,114187.57916321354,4185.50497327884,110002.07418993468,44,103488.48743819917
517,517,2023-08-09,111026.94892897048,4185.50497327884,106841.44395569163,44,102796.62361869104
518,518,2023-08-10,111257.60226663754,4185.50497327884,107072.09729335867,44,102833.53608535798
519,519,2023-08-11,110582.7253013821,4185.50497327884,106397.22032810326,44,102773.57133661957
520,520,2023-08-14,111455.02780891702,4185.50497327884,107269.52283563816,44,103340.88079456029
521,521,2023-08-15,110034.85590436745,9940.889693243247,100093.9662111242,48,102137.07621711185
522,522,2023-08-16,109254.90468600544,9940.889693243247,99314.0149927622,48,101387.58889626322
523,523,2023-08-17,107641.8849356136,9940.889693243247,97700.99524237037,48,100615.01327415236
524,524,2023-08-18,107832.14323978758,9940.889693243247,97891.25354654434,48,100663.44467801688
525,525,2023-08-21,109188.50264138574,9940.889693243247,99247.6129481425,48,101318.38162318178
526,526,2023-08-22,108902.4011784583,9940.889693243247,98961.51148521506,48,101043.95861279723
527,527,2023-08-23,110605.62500178204,9940.889693243247,100664.73530853876,48,102169.35661585006
528,528,2023-08-24,108217.03544606052,9940.889693243247,98276.14575281728,48,100753.3773934482
529,529,2023-08-25,108869.86686152974,9940.889693243247,98928.9771682865,48,101463.67583477535
530,530,2023-08-28,109630.98794308244,9940.889693243247,99690.09824983918,48,102107.08663890451
531,531,2023-08-29,111745.1853996794,9940.889693243247,101804.29570643615,48,103583.02340620663
532,532,2023-08-30,112886.65616328437,9940.889693243247,102945.7664700411,48,104009.67792432065
533,533,2023-08-31,112758.99137764724,9940.889693243247,102818.101684404,48,103857.45362042933
534,534,2023-09-01,113654.75277125624,9940.889693243247,103713.863078013,48,104051.17923588744
535,535,2023-09-04,113654.75277125624,9940.889693243247,103713.863078013,48,104051.17923588744
536,536,2023-09-05,113230.53407475755,9940.889693243247,103289.64438151431,48,103601.47243570196
537,537,2023-09-06,112800.55748153068,9940.889693243247,102859.66778828742,48,102905.02697513213
538,538,2023-09-07,111843.56290374509,9940.889693243247,101902.67321050185,48,102589.08104166634
539,539,2023-09-08,112258.7586899467,9940.889693243247,102317.86899670344,48,102743.58896225037
540,540,2023-09-11,112873.5378244081,9940.889693243247,102932.64813116484,48,103419.30177663217
541,541,2023-09-12,112107.0839314021,9940.889693243247,102166.19423815885,48,102851.97791101516
542,542,2023-09-13,111796.91991433996,9940.889693243247,101856.0302210967,48,102971.90020465384
543,543,2023-09-14,112702.98840287812,9940.889693243247,102762.09870963484,48,103859.75884863648
544,544,2023-09-15,110454.22693841351,9940.889693243247,100513.33724517027,48,102608.43775476824
545,545,2023-09-18,110757.7160775181,9940.889693243247,100816.82638427484,48,102668.61141481291
546,546,2023-09-19,110332.11241895592,9940.889693243247,100391.22272571268,48,102455.68036685401
547,547,2023-09-20,109260.96456761524,9940.889693243247,99320.074874372,48,101513.78573292821
548,548,2023-09-21,107313.22275963178,9940.889693243247,97372.33306638854,48,99835.91817851816
549,549,2023-09-22,107392.75530267126,9940.889693243247,97451.86560942802,48,99611.43937800908
550,550,2023-09-25,108203.75203031086,9940.889693243247,98262.86233706762,48,100030.32815860027
551,551,2023-09-26,106908.56002221371,9940.889693243247,96967.67032897047,48,98560.7451765441
552,552,2023-09-27,108035.01670393469,9940.889693243247,98094.12701069142,48,98600.09254050483
553,553,2023-09-28,109566.75949753544,9940.889693243247,99625.8698042922,48,99171.7170974958
554,554,2023-09-29,109682.85020983446,9940.889693243247,99741.9605165912,48,98931.04406883151
555,555,2023-10-02,109523.4345067008,9940.889693243247,99582.54481345756,48,98891.68950103263
556,556,2023-10-03,107122.71070058104,9940.889693243247,97181.8210073378,48,97567.92661075479
557,557,2023-10-04,108635.76245119623,9940.889693243247,98694.87275795298,48,98278.40514803563
558,558,2023-10-05,108925.80478354188,9940.889693243247,98984.91509029864,48,98241.37741995833
559,559,2023-10-06,110531.83346176844,9940.889693243247,100590.94376852518,48,99407.77246590765
560,560,2023-10-09,111909.46435929608,9940.889693243247,101968.57466605284,48,100044.20275087203
561,561,2023-10-10,113366.14409364131,9940.889693243247,103425.25440039807,48,100564.91778367579
562,562,2023-10-11,113864.15400714976,9940.889693243247,103923.26431390652,48,100976.86206429296
563,563,2023-10-12,112711.78433153412,9940.889693243247,102770.89463829086,48,100361.26527925066
564,564,2023-10-13,111450.21968195617,9940.889693243247,101509.32998871293,48,99861.38374636899
565,565,2023-10-16,112722.8533049383,9940.889693243247,102781.96361169506,48,100912.06354015769
566,566,2023-10-17,113873.52970418584,9940.889693243247,103932.6400109426,48,100907.43867606709
567,567,2023-10-18,111900.94100222611,9940.889693243247,101960.05130898286,48,99562.83508202902
568,568,2023-10-19,110033.88583017926,9940.889693243247,100092.99613693602,48,98688.02979276935
569,569,2023-10-20,107563.25780563144,9940.889693243247,97622.36811238818,48,97475.3500867234
570,570,2023-10-23,107588.5885926421,9940.889693243247,97647.69889939886,48,97306.39847065398
571,571,2023-10-24,108609.04228876586,9940.889693243247,98668.1525955226,48,98040.04455141663
572,572,2023-10-25,106410.06313802653,9940.889693243247,96469.17344478329,48,96632.94766145044
573,573,2023-10-26,105323.36969621592,9940.889693243247,95382.48000297268,48,95475.80234368228
574,574,2023-10-27,104869.05584647023,9940.889693243247,94928.16615322698,48,95043.02456314304
575,575,2023-10-30,105361.96169050412,9940.889693243247,95421.07199726088,48,96179.35799250353
576,576,2023-10-31,106637.846112254,9940.889693243247,96696.95641901076,48,96783.37820964307
577,577,2023-11-01,108215.34621074834,9940.889693243247,98274.4565175051,48,97815.55134323126
578,578,2023-11-02,111951.69914198626,9940.889693243247,102010.809448743,48,99690.12690209241
579,579,2023-11-03,114057.37928238238,9940.889693243247,104116.48958913912,48,100599.64028354594
580,580,2023-11-06,113685.30565263456,9940.889693243247,103744.4159593913,48,100831.05638019092
581,581,2023-11-07,114005.86343481368,9940.889693243247,104064.97374157044,48,101118.02847662811
582,582,2023-11-08,114084.894310137,9940.889693243247,104144.00461689374,48,101192.09834045901
583,583,2023-11-09,113509.58146695704,9940.889693243247,103568.6917737138,48,100402.91787141854
584,584,2023-11-10,115875.16080216086,9940.889693243247,105934.2711089176,48,101969.6878339204
585,585,2023-11-13,115621.2667490739,9940.889693243247,105680.37705583064,48,101872.48644579842
586,586,2023-11-14,119308.20700221256,9940.889693243247,109367.31730896932,48,103848.8954607103
587,587,2023-11-15,119148.58148970745,8561.000593149914,110587.58089655753,52,104068.74939712879
588,588,2023-11-16,118427.28183424204,8561.000593149914,109866.28124109212,52,104196.02680951588
589,589,2023-11-17,119655.89566747076,8561.000593149914,111094.89507432084,52,104325.63106162458
590,590,2023-11-20,121115.97489320826,8561.000593149914,112554.97430005834,52,105128.68612293681
591,591,2023-11-21,119315.73570924514,8561.000593149914,110754.73511609522,52,104899.575254499
592,592,2023-11-22,119540.83147449636,8561.000593149914,110979.83088134644,52,105304.57503514212
593,593,2023-11-23,119540.83147449636,8561.000593149914,110979.83088134644,52,105304.57503514212
594,594,2023-11-24,119544.74767609149,8561.000593149914,110983.74708294155,52,105369.3591516011
595,595,2023-11-27,119574.31306189694,8561.000593149914,111013.31246874704,52,105179.60285096217
596,596,2023-11-28,119691.50465675932,8561.000593149914,111130.5040636094,52,105283.74153522003
597,597,2023-11-29,121277.7845611617,8561.000593149914,112716.78396801178,52,105209.69328290358
598,598,2023-11-30,122034.36070714305,8561.000593149914,113473.36011399313,52,105623.94279172788
599,599,2023-12-01,123626.11799168494,8561.000593149914,115065.11739853502,52,106248.7965087895
600,600,2023-12-04,122019.50993715442,8561.000593149914,113458.5093440045,52,105691.05374790845
601,601,2023-12-05,121463.8183759442,8561.000593149914,112902.81778279429,52,105670.22745182451
602,602,2023-12-06,119957.7800681616,8561.000593149914,111396.77947501167,52,105244.40857893559
603,603,2023-12-07,121284.81441395576,8561.000593149914,112723.81382080584,52,106047.4636402478
604,604,2023-12-08,122679.69035963489,8561.000593149914,114118.68976648495,52,106503.37294507815
605,605,2023-12-11,123610.14743863636,8561.000593149914,115049.14684548644,52,106917.6296577406
606,606,2023-12-12,123817.95365873296,8561.000593149914,115256.95306558305,52,107405.9490303958
607,607,2023-12-13,126490.00799572388,8561.000593149914,117929.00740257396,52,108887.08696884029
608,608,2023-12-14,129650.08247987927,8561.000593149914,121089.08188672936,52,109236.53795352933
609,609,2023-12-15,129824.398063795,8561.000593149914,121263.39747064508,52,109056.68693034298
610,610,2023-12-18,129652.88958216702,8561.000593149914,121091.8889890171,52,109670.13697161738
611,611,2023-12-19,130351.45116237862,8561.000593149914,121790.4505692287,52,110337.03228810684
612,612,2023-12-20,127658.72560273978,8561.000593149914,119097.72500958986,52,108808.0536605259
613,613,2023-12-21,129006.45547438404,8561.000593149914,120445.45488123412,52,109839.76574847265
614,614,2023-12-22,128908.84174898648,8561.000593149914,120347.84115583656,52,110060.51296082142
615,615,2023-12-25,128908.84174898648,8561.000593149914,120347.84115583656,52,110060.51296082142
616,616,2023-12-26,130060.05612120408,8561.000593149914,121499.05552805416,52,110525.23976354409
617,617,2023-12-27,129906.28645443144,8561.000593149914,121345.28586128152,52,110725.08864142744
618,618,2023-12-28,129732.26068976172,8561.000593149914,121171.2600966118,52,110766.90692187271
619,619,2023-12-29,128838.57301642108,8561.000593149914,120277.57242327117,52,110446.24967825857
620,620,2024-01-01,128838.57301642108,8561.000593149914,120277.57242327117,52,110446.24967825857
621,621,2024-01-02,127658.71422775212,8561.000593149914,119097.7136346022,52,109828.145957541
622,622,2024-01-03,125700.97051393134,8561.000593149914,117139.96992078144,52,108931.21768133086
623,623,2024-01-04,126039.042217185,8561.000593149914,117478.04162403508,52,108580.33313285052
624,624,2024-01-05,126715.43222357416,8561.000593149914,118154.43163042424,52,108729.04916756408
625,625,2024-01-08,129116.50986448771,8561.000593149914,120555.5092713378,52,110281.26737700832
626,626,2024-01-09,129248.30209918231,8561.000593149914,120687.3015060324,52,110113.95823603649
627,627,2024-01-10,129875.24024554942,8561.000593149914,121314.2396523995,52,110736.70122852093
628,628,2024-01-11,129837.82449479184,8561.000593149914,121276.82390164192,52,110687.9024289109
629,629,2024-01-12,129387.09513687209,8561.000593149914,120826.09454372217,52,110764.58008215112
630,630,2024-01-15,129387.09513687209,8561.000593149914,120826.09454372217,52,110764.58008215112
631,631,2024-01-16,128434.79384926308,8561.000593149914,119873.79325611316,52,110357.9378264104
632,632,2024-01-17,127720.44535359948,8561.000593149914,119159.44476044957,52,109744.5021928123
633,633,2024-01-18,128718.27485886918,8561.000593149914,120157.27426571926,52,110720.43496198425
634,634,2024-01-19,133786.2373351991,8561.000593149914,125225.2367420492,52,112100.69035101349
635,635,2024-01-22,135471.76914502878,8561.000593149914,126910.76855187888,52,112337.71823757523
636,636,2024-01-23,135359.32873826465,8561.000593149914,126798.32814511476,52,112665.34159267784
637,637,2024-01-24,135925.76541433338,8561.000593149914,127364.76482118346,52,112788.50561348282
638,638,2024-01-25,136288.25681741763,8561.000593149914,127727.25622426772,52,113401.9412470809
639,639,2024-01-26,135899.30143759627,8561.000593149914,127338.30084444636,52,113257.88609564866
640,640,2024-01-29,137820.77843029096,8561.000593149914,129259.77783714104,52,114154.81437185881
641,641,2024-01-30,138790.4614358351,8561.000593149914,130229.4608426852,52,114066.52413152508
642,642,2024-01-31,136793.86277144324,8561.000593149914,128232.86217829332,52,112205.2612655602
643,643,2024-02-01,138376.35377161845,8561.000593149914,129815.35317846852,52,113673.82130259945
644,644,2024-02-02,139990.6559419422,8561.000593149914,131429.6553487923,52,114870.50848795832
645,645,2024-02-05,140989.72251836187,8561.000593149914,132428.72192521195,52,114452.2392374478
646,646,2024-02-06,144134.6308285384,8561.000593149914,135573.6302353885,52,114784.53067966987
647,647,2024-02-07,146866.31028061511,8561.000593149914,138305.3096874652,52,115741.88475025985
648,648,2024-02-08,147960.09252705993,8561.000593149914,139399.09193391,52,115793.00318575333
649,649,2024-02-09,150155.0213036839,8561.000593149914,141594.02071053398,52,116462.22534196438
650,650,2024-02-12,151577.6254110365,8561.000593149914,143016.6248178866,52,116411.09970263275
651,651,2024-02-13,149155.1685624535,8561.000593149914,140594.16796930358,52,114807.75585385688
652,652,2024-02-14,153439.59984112746,8561.000593149914,144878.59924797757,52,115851.09493657344
653,653,2024-02-15,157919.1116203875,15637.566102706764,142281.54551768073,51,116650.44002123979
654,654,2024-02-16,152470.02645300096,15637.566102706764,136832.4603502942,51,116069.51530920061
655,655,2024-02-19,152470.02645300096,15637.566102706764,136832.4603502942,51,116069.51530920061
656,656,2024-02-20,151613.95868885535,15637.566102706764,135976.39258614858,51,115430.51325401763
657,657,2024-02-21,148367.69743284248,15637.566102706764,132730.13133013571,51,115535.06976088803
658,658,2024-02-22,155969.94193037847,15637.566102706764,140332.3758276717,51,117926.12449572232
659,659,2024-02-23,153719.78312422565,15637.566102706764,138082.21702151888,51,118007.47023608202
660,660,2024-02-26,154455.5440701531,15637.566102706764,138817.97796744632,51,117575.25435491826
661,661,2024-02-27,156753.64254885053,15637.566102706764,141116.07644614376,51,117793.67472754543
662,662,2024-02-28,156212.05902189817,15637.566102706764,140574.4929191914,51,117637.99978518154
663,663,2024-02-29,158790.84798107028,15637.566102706764,143153.28187836352,51,118060.90830745894
664,664,2024-03-01,160287.68986413936,15637.566102706764,144650.1237614326,51,119169.28364096963
665,665,2024-03-04,164776.52871792248,15637.566102706764,149138.9626152157,51,119041.48034839777
666,666,2024-03-05,165462.46109861037,15637.566102706764,149824.8949959036,51,117851.77368220368
667,667,2024-03-06,168091.41195377868,15637.566102706764,152453.8458510719,51,118448.9574569414
668,668,2024-03-07,169979.2602751854,15637.566102706764,154341.69417247863,51,119624.73190015854
669,669,2024-03-08,168702.88132959986,15637.566102706764,153065.3152268931,51,118906.7181481756
670,670,2024-03-11,166412.9345733663,15637.566102706764,150775.36847065954,51,118804.48127718864
671,671,2024-03-12,169145.4050761114,15637.566102706764,153507.83897340464,51,120082.49979523089
672,672,2024-03-13,170301.16846556164,15637.566102706764,154663.60236285487,51,119894.2707082792
673,673,2024-03-14,167659.7225284376,15637.566102706764,152022.15642573082,51,119657.2644332319
674,674,2024-03-15,165189.99213012165,15637.566102706764,149552.42602741488,51,118835.62346949955
675,675,2024-03-18,164730.42030250715,15637.566102706764,149092.85419980038,51,119541.8733537879
676,676,2024-03-19,163036.93309245567,15637.566102706764,147399.3669897489,51,120206.19690005877
677,677,2024-03-20,165419.86473424855,15637.566102706764,149782.29863154178,51,121318.00846436575
678,678,2024-03-21,168811.36877217286,15637.566102706764,153173.8026694661,51,121718.93087261748
679,679,2024-03-22,168100.12125064453,15637.566102706764,152462.55514793776,51,121488.17752908207
680,680,2024-03-25,170226.93613420893,15637.566102706764,154589.37003150216,51,121152.52189444518
681,681,2024-03-26,169010.76537797268,15637.566102706764,153373.1992752659,51,120928.75627391269
682,682,2024-03-27,170176.61057747167,15637.566102706764,154539.0444747649,51,121945.0305367097
683,683,2024-03-28,169711.99380177935,15637.566102706764,154074.42769907258,51,121921.71891646493
684,684,2024-03-29,169711.99380177935,15637.566102706764,154074.42769907258,51,121921.71891646493
685,685,2024-04-01,169736.69705480247,15637.566102706764,154099.1309520957,51,121709.60910605482
686,686,2024-04-02,167707.05750036496,15637.566102706764,152069.4913976582,51,120935.77281226819
687,687,2024-04-03,168591.69169491794,15637.566102706764,152954.12559221117,51,121068.61158770503
688,688,2024-04-04,165477.2569461951,15637.566102706764,149839.69084348832,51,119590.83063783719
689,689,2024-04-05,167219.75794601315,15637.566102706764,151582.19184330638,51,120840.17788005306
690,690,2024-04-08,167189.23723344642,15637.566102706764,151551.67113073965,51,120907.79310490395
691,691,2024-04-09,166044.0777905404,15637.566102706764,150406.51168783364,51,121047.64841869629
692,692,2024-04-10,164271.33391328473,15637.566102706764,148633.76781057796,51,119835.58103889287
693,693,2024-04-11,165666.8311416836,15637.566102706764,150029.26503897682,51,120739.9652875855
694,694,2024-04-12,162471.26951994983,15637.566102706764,146833.70341724306,51,119073.37894371417
695,695,2024-04-15,160386.23751907886,15637.566102706764,144748.6714163721,51,117581.6081401642
696,696,2024-04-16,161579.30323802694,15637.566102706764,145941.73713532017,51,117367.16428619437
697,697,2024-04-17,160937.45964436384,15637.566102706764,145299.89354165707,51,116672.5558043521
698,698,2024-04-18,160173.12615712287,15637.566102706764,144535.5600544161,51,116432.4878980922
699,699,2024-04-19,155241.07001967554,15637.566102706764,139603.50391696877,51,115416.21363529516
700,700,2024-04-22,157057.9164515686,15637.566102706764,141420.35034886183,51,116479.10393474359
701,701,2024-04-23,160391.74063646264,15637.566102706764,144754.17453375587,51,117861.31156391076
702,702,2024-04-24,160943.7284070045,15637.566102706764,145306.16230429773,51,117805.3737606967
703,703,2024-04-25,161515.72976239573,15637.566102706764,145878.16365968896,51,117357.83531579356
704,704,2024-04-26,164122.15252696245,15637.566102706764,148484.58642425566,51,118469.68289929128
705,705,2024-04-29,165926.80724943438,15637.566102706764,150289.2411467276,51,118889.24163683016
706,706,2024-04-30,162626.17130022115,15637.566102706764,146988.60519751438,51,117005.8845992674
707,707,2024-05-01,159711.13900092803,15637.566102706764,144073.57289822126,51,116625.94697153885
708,708,2024-05-02,161909.69772636396,15637.566102706764,146272.1316236572,51,117716.80257067522
709,709,2024-05-03,164190.84378014592,15637.566102706764,148553.27767743915,51,119175.93998741778
710,710,2024-05-06,168112.2615084554,15637.566102706764,152474.69540574864,51,120406.6364926702
711,711,2024-05-07,165198.41757386774,15637.566102706764,149560.85147116098,51,120539.51128729778
712,712,2024-05-08,167184.84630010033,15637.566102706764,151547.28019739356,51,120551.15268974386
713,713,2024-05-09,168152.42968068502,15637.566102706764,152514.86357797825,51,121245.75396774798
714,714,2024-05-10,168466.68401606372,15637.566102706764,152829.11791335695,51,121401.94758645848
715,715,2024-05-13,167131.90152543643,15637.566102706764,151494.33542272967,51,121418.24266834775
716,716,2024-05-14,169203.86896802596,15637.566102706764,153566.3028653192,51,121975.3298799574
717,717,2024-05-15,174664.63713841868,15892.723411141586,158771.9137272771,56,123485.74421663267
718,718,2024-05-16,173385.85646873637,15892.723411141586,157493.1330575948,56,123231.67925285248
719,719,2024-05-17,173926.2934915569,15892.723411141586,158033.57008041532,56,123408.83604057172
720,720,2024-05-20,173854.48492446673,15892.723411141586,157961.76151332515,56,123551.01099024751
721,721,2024-05-21,174509.15730594157,15892.723411141586,158616.4338948,56,123854.01883040067
722,722,2024-05-22,173018.53874129753,15892.723411141586,157125.81533015595,56,123497.41443443134
723,723,2024-05-23,171337.1966838306,15892.723411141586,155444.47327268904,56,122595.34982162215
724,724,2024-05-24,174143.33959213845,15892.723411141586,158250.61618099688,56,123406.4875893357
725,725,2024-05-27,174143.33959213845,15892.723411141586,158250.61618099688,56,123406.4875893357
726,726,2024-05-28,174640.31627472257,15892.723411141586,158747.592863581,56,123492.74634731187
727,727,2024-05-29,172881.0605298421,15892.723411141586,156988.33711870053,56,122627.96880075328
728,728,2024-05-30,173671.124589951,15892.723411141586,157778.40117880944,56,121814.49698948002
729,729,2024-05-31,173609.71535560235,15892.723411141586,157716.99194446078,56,122924.00332557983
730,730,2024-06-03,172050.6533806584,15892.723411141586,156157.92996951682,56,123024.23752956184
731,731,2024-06-04,171221.7989497497,15892.723411141586,155329.07553860813,56,123161.75879979445
732,732,2024-06-05,173337.68751746268,15892.723411141586,157444.9641063211,56,124625.53548830388
733,733,2024-06-06,172108.33848150892,15892.723411141586,156215.61507036735,56,124623.23026009672
734,734,2024-06-07,171726.36630663992,15892.723411141586,155833.64289549834,56,124471.7047285057
735,735,2024-06-10,175381.33366169655,15892.723411141586,159488.61025055498,56,124856.30323951558
736,736,2024-06-11,175953.86049837072,15892.723411141586,160061.13708722914,56,125156.99144378531
737,737,2024-06-12,177719.61343938764,15892.723411141586,161826.89002824607,56,126184.90710902843
738,738,2024-06-13,176587.67078825578,15892.723411141586,160694.9473771142,56,126438.97207280861
739,739,2024-06-14,174903.95073636624,15892.723411141586,159011.22732522467,56,126515.90906422214
740,740,2024-06-17,176724.64871173413,15892.723411141586,160831.92530059256,56,127522.83274510392
741,741,2024-06-18,179022.11945012645,15892.723411141586,163129.39603898485,56,127846.83256961842
742,742,2024-06-19,179022.11945012645,15892.723411141586,163129.39603898485,56,127846.83256961842
743,743,2024-06-20,179279.186557211,15892.723411141586,163386.46314606944,56,127499.53553253545
744,744,2024-06-21,177575.2816881719,15892.723411141586,161682.55827703033,56,127328.6172686518
745,745,2024-06-24,178168.94743860932,15892.723411141586,162276.22402746775,56,126914.68472870596
746,746,2024-06-25,179276.20471956383,15892.723411141586,163383.48130842226,56,127403.43633165001
747,747,2024-06-26,178101.99085004834,15892.723411141586,162209.26743890677,56,127562.43944723796
748,748,2024-06-27,179510.32176466702,15892.723411141586,163617.59835352545,56,127763.54179295895
749,749,2024-06-28,180736.53159393877,15892.723411141586,164843.8081827972,56,127260.78592865649
750,750,2024-07-01,181018.4279636871,15892.723411141586,165125.70455254556,56,127522.68866834097
751,751,2024-07-02,181737.94173265045,15892.723411141586,165845.21832150887,56,128380.8819068329
752,752,2024-07-03,182598.17073896667,15892.723411141586,166705.4473278251,56,128953.78874701408
753,753,2024-07-04,182598.17073896667,15892.723411141586,166705.4473278251,56,128953.78874701408
754,754,2024-07-05,182011.31098366235,15892.723411141586,166118.58757252077,56,129697.41214361081
755,755,2024-07-08,183582.24034971252,15892.723411141586,167689.51693857097,56,129847.06467728353
756,756,2024-07-09,184041.79141260777,15892.723411141586,168149.06800146616,56,129973.3479600063
757,757,2024-07-10,186045.72058656003,15892.723411141586,170152.99717541845,56,131259.46359212618
758,758,2024-07-11,186454.8321956441,15892.723411141586,170562.10878450252,56,130127.66858079849
759,759,2024-07-12,187210.034707278,15892.723411141586,171317.3112961364,56,130948.44508395316
760,760,2024-07-15,188158.4105091088,15892.723411141586,172265.68709796722,56,131308.5649529384
761,761,2024-07-16,190711.736571953,15892.723411141586,174819.01316081142,56,132087.25663363634
762,762,2024-07-17,187268.5061916832,15892.723411141586,171375.78278054163,56,130235.25069969078
763,763,2024-07-18,186553.9355538335,15892.723411141586,170661.21214269192,56,129234.39265052906
764,764,2024-07-19,186513.23009722913,15892.723411141586,170620.50668608755,56,128376.19941203712
765,765,2024-07-22,187960.24568953,15892.723411141586,172067.52227838844,56,129699.74618717055
766,766,2024-07-23,189100.74609253032,15892.723411141586,173208.02268138874,56,129496.30979788983
767,767,2024-07-24,183824.17554664108,15892.723411141586,167931.4521354995,56,126561.59580575253
768,768,2024-07-25,183313.93016125355,15892.723411141586,167421.20675011197,56,125902.15646174556
769,769,2024-07-26,185446.8189739892,15892.723411141586,169554.09556284762,56,127312.23574070475
770,770,2024-07-29,185101.41992850395,15892.723411141586,169208.69651736238,56,127387.05480370297
771,771,2024-07-30,185228.08804579405,15892.723411141586,169335.36463465248,56,126741.66294408329
772,772,2024-07-31,188782.34509926153,15892.723411141586,172889.62168811995,56,128801.80216978163
773,773,2024-08-01,183282.94560236903,15892.723411141586,167390.22219122745,56,126977.8335739055
774,774,2024-08-02,175913.75770375883,15892.723411141586,160021.03429261726,56,124613.70678606596
775,775,2024-08-05,171412.4700623708,15892.723411141586,155519.74665122922,56,120984.51398117305
776,776,2024-08-06,175869.6919778761,15892.723411141586,159976.96856673452,56,122099.9130568774
777,777,2024-08-07,174297.50776093258,15892.723411141586,158404.784349791,56,121283.81904851849
778,778,2024-08-08,180963.70558022577,15892.723411141586,165070.9821690842,56,124087.58167081355
779,779,2024-08-09,182091.38823826457,15892.723411141586,166198.664827123,56,124634.75640113247
780,780,2024-08-12,181244.6828823033,15892.723411141586,165351.95947116174,56,124700.23928989173
781,781,2024-08-13,183770.3408467622,15892.723411141586,167877.61743562063,56,126751.01352599854
782,782,2024-08-14,184651.6845346078,15892.723411141586,168758.96112346623,56,127150.88417388077
783,783,2024-08-15,187813.57980749823,22271.054588123698,165542.52521937454,54,129330.27573627006
784,784,2024-08-16,188194.1979969507,22271.054588123698,165923.14340882705,54,129620.23022170027
785,785,2024-08-19,190521.70770625488,22271.054588123698,168250.6531181312,54,130859.59294424394
786,786,2024-08-20,189162.14053021825,22271.054588123698,166891.08594209456,54,130646.80597304799
787,787,2024-08-21,190070.5866477683,22271.054588123698,167799.5320596446,54,131095.77798174243
788,788,2024-08-22,189478.79346186775,22271.054588123698,167207.73887374406,54,130066.868186835
789,789,2024-08-23,193140.73217493063,22271.054588123698,170869.67758680694,54,131448.86690469587
790,790,2024-08-26,192111.65615551977,22271.054588123698,169840.60156739605,54,131135.51435296313
791,791,2024-08-27,192273.9481032207,22271.054588123698,170002.893515097,54,131315.5814912939
792,792,2024-08-28,191760.94291888637,22271.054588123698,169489.88833076268,54,130553.271338543
793,793,2024-08-29,192551.5100103528,22271.054588123698,170280.4554222291,54,130564.94155634168
794,794,2024-08-30,194269.98538457305,22271.054588123698,171998.93079644936,54,131811.33522491716
795,795,2024-09-02,194269.98538457305,22271.054588123698,171998.93079644936,54,131811.33522491716
796,796,2024-09-03,188694.37821904,22271.054588123698,166423.32363091633,54,129098.77319356734
797,797,2024-09-04,187731.6686909791,22271.054588123698,165460.6141028554,54,128834.53641032313
798,798,2024-09-05,186549.27473947473,22271.054588123698,164278.22015135104,54,128521.18385859038
799,799,2024-09-06,183655.6418487919,22271.054588123698,161384.58726066825,54,126358.14500879552
800,800,2024-09-09,188372.8993187384,22271.054588123698,166101.8447306147,54,127772.89237487418
801,801,2024-09-10,187934.2712303622,22271.054588123698,165663.21664223852,54,128329.43209478464
802,802,2024-09-11,189494.8052575464,22271.054588123698,167223.75066942273,54,129645.96233156255
803,803,2024-09-12,190704.2745165189,22271.054588123698,168433.2199283952,54,130737.99215631693
804,804,2024-09-13,193408.1052605691,22271.054588123698,171137.05067244542,54,131420.81515895016
805,805,2024-09-16,196496.81215003371,22271.054588123698,174225.75756191002,54,131614.91537399194
806,806,2024-09-17,198214.9122326376,22271.054588123698,175943.85764451392,54,131668.67041424735
807,807,2024-09-18,198260.0990741521,22271.054588123698,175989.04448602838,54,131278.17916363294
808,808,2024-09-19,202797.01268434175,22271.054588123698,180525.9580962181,54,133518.35671230947
809,809,2024-09-20,206641.72019339015,22271.054588123698,184370.6656052665,54,133287.56014574517
810,810,2024-09-23,207749.85993688053,22271.054588123698,185478.80534875684,54,133620.62239864902
811,811,2024-09-24,206644.11336353095,22271.054588123698,184373.0587754073,54,134002.95890448062
812,812,2024-09-25,206853.99015184736,22271.054588123698,184582.93556372367,54,133707.4142406481
813,813,2024-09-26,206523.10818564615,22271.054588123698,184252.0535975225,54,134237.51587455784
814,814,2024-09-27,207121.43157256104,22271.054588123698,184850.37698443735,54,134042.82494478798
815,815,2024-09-30,208028.64182641773,22271.054588123698,185757.58723829404,54,134579.9719324058
816,816,2024-10-01,207139.51156037388,22271.054588123698,184868.4569722502,54,133374.35198774424
817,817,2024-10-02,208915.216012804,22271.054588123698,186644.16142468032,54,133430.62837135122
818,818,2024-10-03,211697.76591845663,22271.054588123698,189426.71133033297,54,133186.69200400618
819,819,2024-10-04,216525.6083095389,22271.054588123698,194254.5537214152,54,134397.0232588161
820,820,2024-10-07,214033.0587608884,22271.054588123698,191762.0041727647,54,133181.99510153412
821,821,2024-10-08,215878.2795547513,22271.054588123698,193607.22496662755,54,134441.57179391923
822,822,2024-10-09,218231.5762054077,22271.054588123698,195960.521617284,54,135372.7831358725
823,823,2024-10-10,218799.64990152544,22271.054588123698,196528.59531340175,54,135135.8777145593
824,824,2024-10-11,222657.21412036265,22271.054588123698,200386.15953223893,54,135945.09926132564
825,825,2024-10-14,224635.78762970868,22271.054588123698,202364.733041585,54,137056.8964179563
826,826,2024-10-15,222755.99951099828,22271.054588123698,200484.9449228746,54,135992.01065534106
827,827,2024-10-16,225305.81860362357,22271.054588123698,203034.76401549988,54,136583.09998300613
828,828,2024-10-17,224250.45114912276,22271.054588123698,201979.39656099907,54,136594.8134238337
829,829,2024-10-18,225253.01370207025,22271.054588123698,202981.95911394656,54,137120.23256294767
830,830,2024-10-21,224438.59298278383,22271.054588123698,202167.53839466017,54,136895.0549901383
831,831,2024-10-22,223938.7901827995,22271.054588123698,201667.73559467585,54,136822.33944787912
832,832,2024-10-23,222685.75723015016,22271.054588123698,200414.70264202647,54,135572.14215276184
833,833,2024-10-24,223704.4619875387,22271.054588123698,201433.407399415,54,135865.35277303465
834,834,2024-10-25,224074.2779704861,22271.054588123698,201803.22338236237,54,135818.4413790192
835,835,2024-10-28,226769.47387137605,22271.054588123698,204498.41928325235,54,136238.29547392213
836,836,2024-10-29,227206.9428469325,22271.054588123698,204935.8882588088,54,136458.79055193573
837,837,2024-10-30,227497.47155663063,22271.054588123698,205226.41696850696,54,136045.9529953883
838,838,2024-10-31,224819.2009082439,22271.054588123698,202548.1463201202,54,133379.03448254
839,839,2024-11-01,224180.9787228249,22271.054588123698,201909.9241347012,54,133941.97121072529
840,840,2024-11-04,222945.80418476017,22271.054588123698,200674.74959663645,54,133653.45749292456
841,841,2024-11-05,232701.86118023287,22271.054588123698,210430.8065921092,54,135269.5809505738
842,842,2024-11-06,248956.2997776527,22271.054588123698,226685.245189529,54,138633.1250199456
843,843,2024-11-07,249305.43963179828,22271.054588123698,227034.3850436746,54,139705.07054394524
844,844,2024-11-08,252365.1601236287,22271.054588123698,230094.10553550505,54,140310.2217636739
845,845,2024-11-11,256662.13509379365,22271.054588123698,234391.08050566996,54,140443.92499968843
846,846,2024-11-12,255112.84144034985,22271.054588123698,232841.78685222616,54,140007.64615380956
847,847,2024-11-13,254597.89709590777,22271.054588123698,232326.84250778408,54,140075.6647935967
848,848,2024-11-14,252183.9325380461,22271.054588123698,229912.8779499224,54,139174.9545023592
849,849,2024-11-15,256455.1987462892,22271.054588123698,234184.14415816552,54,137392.32152977248
850,850,2024-11-18,255469.76562309408,22271.054588123698,233198.7110349704,54,137955.25825795776
851,851,2024-11-19,258780.7242774036,22271.054588123698,236509.6696892799,54,138459.55574362376
852,852,2024-11-20,258745.8320475625,22271.054588123698,236474.7774594388,54,138506.48154531547
853,853,2024-11-21,263909.51924652525,22271.054588123698,241638.46465840156,54,139250.01849585443
854,854,2024-11-22,269328.38216367975,22271.054588123698,247057.32757555603,54,139681.60043926124
855,855,2024-11-25,267339.9843038182,22271.054588123698,245068.9297156945,54,140155.4112818877
856,856,2024-11-26,269678.9148817012,22271.054588123698,247407.86029357745,54,140887.23479159907
857,857,2024-11-27,268686.30693755206,22271.054588123698,246415.25234942837,54,140460.33534298805
858,858,2024-11-28,268686.30693755206,22271.054588123698,246415.25234942837,54,140460.33534298805
859,859,2024-11-29,270250.79909831117,22271.054588123698,247979.74451018748,54,141332.87862706947
860,860,2024-12-02,266714.2349328137,22271.054588123698,244443.18034468996,54,141586.20879935863
861,861,2024-12-03,270232.7573012638,22271.054588123698,247961.7027131401,54,141651.89339558603
862,862,2024-12-04,268482.7449372149,22271.054588123698,246211.69034909116,54,142531.4676256992
863,863,2024-12-05,269513.36761046597,22271.054588123698,247242.31302234225,54,142296.92506329832
864,864,2024-12-06,272363.5406755679,22271.054588123698,250092.48608744424,54,142566.6655788871
865,865,2024-12-09,264583.4509757107,22271.054588123698,242312.396387587,54,141832.50802561597
866,866,2024-12-10,261669.60458776835,22271.054588123698,239398.54999964463,54,141391.53227726507
867,867,2024-12-11,263493.7119301572,22271.054588123698,241222.65734203352,54,142484.57063936008
868,868,2024-12-12,262455.9583704504,22271.054588123698,240184.9037823267,54,141750.41308608896
869,869,2024-12-13,263988.18377183256,22271.054588123698,241717.1291837089,54,141722.2604866092
870,870,2024-12-16,264883.63535532175,22271.054588123698,242612.58076719803,54,142327.41170633782
871,871,2024-12-17,260953.86889248583,22271.054588123698,238682.81430436217,54,141741.01928114484
872,872,2024-12-18,250751.58023136825,22271.054588123698,228480.52564324453,54,137516.64536851918
873,873,2024-12-19,253290.26055101265,22271.054588123698,231019.20596288895,54,137474.4164692995
874,874,2024-12-20,261353.30510900685,22271.054588123698,239082.25052088316,54,139125.62261872628
875,875,2024-12-23,261715.94249098233,22271.054588123698,239444.88790285864,54,139958.74650046547
876,876,2024-12-24,265056.70574865595,22271.054588123698,242785.65116053223,54,141514.3865330297
877,877,2024-12-25,265056.70574865595,22271.054588123698,242785.65116053223,54,141514.3865330297
878,878,2024-12-26,265137.0383985869,22271.054588123698,242865.9838104632,54,141523.8091533264
879,879,2024-12-27,260455.508860422,22271.054588123698,238184.45427229832,54,141523.8091533264
